Exe name_x,043dc6d8be5a2873e184108b4ac724aad55d16e2f99d70ffedb6541fa06b4713,17e120a28c0a05af9a02a44c0861d88047423c1cf546bf91090989a729a1edcc,1f7cbdcb4b8d6135becc56cfc7378bbbd0b2181ba50a8167f445b7bede296dac,b55404644bbc3fa5077bdb61ef0885c4e4de780e81f21cfa01a7c63c05d87dff,c5d32ca4e4daedbc9ad87d7cf1bc784f3a36259de1223f4921b5578a5f5a76dd,da9ba74e5dbbfbea29ad51f62e7e8f1adfd5fc788c5e869e26d23690646b360a
043dc6d8be5a2873e184108b4ac724aad55d16e2f99d70ffedb6541fa06b4713,1,1,0,0,0,0
17e120a28c0a05af9a02a44c0861d88047423c1cf546bf91090989a729a1edcc,1,1,0,0,0,0
1f7cbdcb4b8d6135becc56cfc7378bbbd0b2181ba50a8167f445b7bede296dac,0,0,1,0,0,1
b55404644bbc3fa5077bdb61ef0885c4e4de780e81f21cfa01a7c63c05d87dff,0,0,0,1,0,0
c5d32ca4e4daedbc9ad87d7cf1bc784f3a36259de1223f4921b5578a5f5a76dd,0,0,0,0,1,0
da9ba74e5dbbfbea29ad51f62e7e8f1adfd5fc788c5e869e26d23690646b360a,0,0,1,0,0,1
